days,Canada,Canada,Canada,Canada,Canada,Canada,Canada,Canada,Canada,Canada,Canada,Denmark,Denmark,Denmark,Denmark,Denmark,Denmark,Denmark,Denmark,Denmark,Denmark,Denmark,Germany,Germany,Germany,Germany,Germany,Germany,Germany,Germany,Germany,Germany,Germany,Japan,Japan,Japan,Japan,Japan,Japan,Japan,Japan,Japan,Japan,Japan,Netherlands,Netherlands,Netherlands,Netherlands,Netherlands,Netherlands,Netherlands,Netherlands,Netherlands,Netherlands,Netherlands,Norway,Norway,Norway,Norway,Norway,Norway,Norway,Norway,Norway,Norway,Norway,Switzerland,Switzerland,Switzerland,Switzerland,Switzerland,Switzerland,Switzerland,Switzerland,Switzerland,Switzerland,Switzerland
days,total_cases,new_cases,total_deaths,new_deaths,total_cases_per_million,new_cases_per_million,total_deaths_per_million,new_deaths_per_million,driving,transit,walking,total_cases,new_cases,total_deaths,new_deaths,total_cases_per_million,new_cases_per_million,total_deaths_per_million,new_deaths_per_million,driving,transit,walking,total_cases,new_cases,total_deaths,new_deaths,total_cases_per_million,new_cases_per_million,total_deaths_per_million,new_deaths_per_million,driving,transit,walking,total_cases,new_cases,total_deaths,new_deaths,total_cases_per_million,new_cases_per_million,total_deaths_per_million,new_deaths_per_million,driving,transit,walking,total_cases,new_cases,total_deaths,new_deaths,total_cases_per_million,new_cases_per_million,total_deaths_per_million,new_deaths_per_million,driving,transit,walking,total_cases,new_cases,total_deaths,new_deaths,total_cases_per_million,new_cases_per_million,total_deaths_per_million,new_deaths_per_million,driving,transit,walking,total_cases,new_cases,total_deaths,new_deaths,total_cases_per_million,new_cases_per_million,total_deaths_per_million,new_deaths_per_million,driving,transit,walking
1,103,10,1,0,2.729,0.265,0.026,0,100.22,83.35,106.32,113,75,0,0,19.509,12.948,0,0,100.99,91.14,93.53,111,54,0,0,1.325,0.645,0,0,106.11,123.28,95.72,105,12,1,0,0.83,0.095,0.008,0,142.83,130.41,145.52,128,46,1,1,7.47,2.685,0.058,0.058,105.36,119.53,167.19,113,27,0,0,20.844,4.98,0,0,111.53,111.71,133.68,209,122,1,0,24.149,14.097,0.116,0,108.9,95.23,123.3
2,138,35,1,0,3.656,0.927,0.026,0,101.24,76.4,104.32,264,151,0,0,45.579,26.07,0,0,90.37,77.56,91.86,129,18,0,0,1.54,0.215,0,0,101.52,118.97,102.74,132,27,1,0,1.044,0.213,0.008,0,116.21,112.61,121.18,188,60,1,0,10.972,3.502,0.058,0,91.72,101.4,103.37,147,34,0,0,27.116,6.272,0,0,118.28,100.39,80.99,264,55,1,0,30.504,6.355,0.116,0,106.95,87.16,87.32
3,176,38,1,0,4.663,1.007,0.026,0,87.16,63.75,103,516,252,0,0,89.085,43.507,0,0,67.62,48.7,54.89,157,28,0,0,1.874,0.334,0,0,104.1,116.1,103.29,144,12,1,0,1.139,0.095,0.008,0,107.01,104.56,112.83,265,77,3,2,15.466,4.494,0.175,0.117,97.44,98.01,97.6,169,22,0,0,31.174,4.058,0,0,96.35,93.39,93.36,332,68,2,1,38.361,7.857,0.231,0.116,95.1,90.4,90.24
4,244,68,1,0,6.465,1.802,0.026,0,68.17,51.19,73.82,676,160,0,0,116.709,27.623,0,0,66.97,45.07,62.04,196,39,0,0,2.339,0.465,0,0,102.87,114.82,101.89,144,0,1,0,1.139,0,0.008,0,107.46,102.38,111.53,321,56,3,0,18.734,3.268,0.175,0,94.05,94.36,92.04,192,23,0,0,35.416,4.243,0,0,93.88,88.36,89.19,374,42,2,0,43.214,4.853,0.231,0,95.25,88.38,89.77
5,304,60,1,0,8.055,1.59,0.026,0,74.1,50,75.7,804,128,0,0,138.807,22.099,0,0,62.05,39.65,66.91,262,66,0,0,3.127,0.788,0,0,105.34,117.3,102.6,164,20,1,0,1.297,0.158,0.008,0,103.29,97.64,104.84,382,61,4,1,22.294,3.56,0.233,0.058,92.55,90.51,99.58,277,85,0,0,51.095,15.679,0,0,86.81,78.62,89.43,490,116,3,1,56.617,13.403,0.347,0.116,97.44,84.67,101
6,424,120,4,3,11.234,3.179,0.106,0.079,67.21,40.26,65.68,827,23,0,0,142.778,3.971,0,0,56.49,33.91,46.67,400,138,0,0,4.774,1.647,0,0,115.68,127.44,116.04,186,22,3,2,1.471,0.174,0.024,0.016,112.22,102.82,112.22,503,121,5,1,29.355,7.062,0.292,0.058,79.19,77.33,90.87,489,212,0,0,90.201,39.105,0,0,80.56,56.74,70.85,642,152,4,1,74.18,17.563,0.462,0.116,86.01,73.36,90
7,569,145,8,4,15.076,3.842,0.212,0.106,63.91,35.59,62.44,875,48,1,1,151.065,8.287,0.173,0.173,62.62,32.69,55.9,684,284,0,0,8.164,3.39,0,0,112.85,134.51,140.22,210,24,3,0,1.66,0.19,0.024,0,114.58,104.61,116.77,614,111,5,0,35.833,6.478,0.292,0,72.71,69.44,92.53,621,132,1,1,114.549,24.349,0.184,0.184,73.72,44.42,61.01,854,212,4,0,98.676,24.496,0.462,0,84.32,63.2,88.42
8,690,121,9,1,18.282,3.206,0.238,0.026,62.16,31.53,60.16,932,57,1,0,160.906,9.841,0.173,0,58.82,28.17,49.84,847,163,0,0,10.109,1.945,0,0,105.05,115.27,93.98,230,20,3,0,1.819,0.158,0.024,0,103.92,98.18,101.49,804,190,5,0,46.922,11.088,0.292,0,64.97,61.84,99.74,621,0,1,0,114.549,0,0.184,0,59.14,39.74,53.76,1121,267,7,3,129.526,30.851,0.809,0.347,74.03,56.69,79.34
9,846,156,10,1,22.415,4.133,0.265,0.026,63.93,30.3,59.11,1024,92,4,3,176.789,15.883,0.691,0.518,55.46,25.76,45.91,902,55,0,0,10.766,0.656,0,0,99.11,110.61,96.92,239,9,5,2,1.89,0.071,0.04,0.016,105.91,100.79,113.27,959,155,12,7,55.968,9.046,0.7,0.409,48.64,43.19,58.43,907,286,1,0,167.305,52.755,0.184,0,51.2,32.91,36.73,1359,238,11,4,157.026,27.5,1.271,0.462,70.65,47.61,70.87
10,971,125,12,2,25.727,3.312,0.318,0.053,53.45,26.48,53.11,1115,91,4,0,192.5,15.711,0.691,0,59.78,29.16,56.3,1139,237,2,2,13.594,2.829,0.024,0.024,100.16,106.74,90.68,254,15,6,1,2.008,0.119,0.047,0.008,103.24,97.95,103.49,1135,176,20,8,66.239,10.271,1.167,0.467,51.11,32.44,49.53,1077,170,1,0,198.663,31.358,0.184,0,56.73,30.71,50.86,2200,841,13,2,254.2,97.174,1.502,0.231,67.59,41.84,65.25
11,1302,331,18,6,34.497,8.77,0.477,0.159,41.73,22.26,43.54,1151,36,6,2,198.715,6.215,1.036,0.345,60.23,27.97,54.85,1296,157,2,0,15.468,1.874,0.024,0,97.05,101.51,96.4,254,0,6,0,2.008,0,0.047,0,106.01,100.36,109.96,1413,278,24,4,82.463,16.224,1.401,0.233,50.11,27.85,48.93,1169,92,3,2,215.633,16.97,0.553,0.369,54.58,31.19,51.59,2200,0,14,1,254.2,0,1.618,0.116,59.59,33.84,55.6
12,1430,128,20,2,37.889,3.391,0.53,0.053,49.42,23.58,45.64,1255,104,9,3,216.671,17.955,1.554,0.518,56.59,27.14,59.29,1567,271,3,1,18.703,3.235,0.036,0.012,87.94,91.75,89.79,268,14,6,0,2.119,0.111,0.047,0,110.8,104.22,117.33,1705,292,43,19,99.505,17.041,2.51,1.109,49.11,24.39,47,1308,139,3,0,241.273,25.64,0.553,0,54.07,29.63,53.44,2650,450,19,5,306.195,51.995,2.195,0.578,57.32,32.12,57.14
13,1646,216,24,4,43.612,5.723,0.636,0.106,48.66,21.68,48.44,1326,71,13,4,228.928,12.258,2.244,0.691,55.81,27.42,50.87,2369,802,5,2,28.275,9.572,0.06,0.024,86.47,82.21,88.28,317,49,6,0,2.506,0.387,0.047,0,122.87,109.49,121.2,2051,346,58,15,119.697,20.193,3.385,0.875,48.39,22.51,44,1423,115,3,0,262.486,21.213,0.553,0,55.82,28.04,55.24,3010,360,21,2,347.791,41.596,2.426,0.231,55.1,29.17,54.05
14,1959,313,27,3,51.905,8.293,0.715,0.079,47.57,20.81,49.21,1395,69,13,0,240.841,11.913,2.244,0,59.21,26.07,52.11,3062,693,5,0,36.546,8.271,0.06,0,78.32,77.72,95.38,349,32,6,0,2.759,0.253,0.047,0,115.69,101.58,102.85,2460,409,76,18,143.567,23.869,4.435,1.05,50.67,22.32,46.25,1552,129,6,3,286.281,23.795,1.107,0.553,58.87,30.97,58.9,3888,878,33,12,449.24,101.449,3.813,1.387,51.83,26.17,49.97
15,3385,1426,35,8,89.688,37.783,0.927,0.212,46.94,19.64,46.46,1460,65,24,11,252.063,11.222,4.144,1.899,60.48,26.51,53.17,3795,733,8,3,45.295,8.749,0.095,0.036,72.26,63.99,75.8,408,59,6,0,3.226,0.466,0.047,0,113.65,106,118.47,2994,534,106,30,174.731,31.165,6.186,1.751,46.13,21.25,49.64,1742,190,7,1,321.329,35.047,1.291,0.184,55.9,30.54,62.58,4840,952,43,10,559.239,109.999,4.968,1.155,40.3,22.24,41.14
16,4018,633,39,4,106.459,16.772,1.033,0.106,52.63,20.16,53.57,1591,131,32,8,274.68,22.617,5.525,1.381,62.93,26.33,56.91,4838,1043,12,4,57.744,12.449,0.143,0.048,68.97,57.93,71.25,455,47,6,0,3.598,0.372,0.047,0,108.76,102.41,108.01,3631,637,136,30,211.907,37.176,7.937,1.751,39,18.55,40.46,1926,184,7,0,355.269,33.941,1.291,0,53.79,32.88,51.25,6077,1237,56,13,702.168,142.929,6.471,1.502,38.61,22.54,34.36
17,4675,657,53,14,123.867,17.408,1.404,0.371,43.08,18.09,43.07,1724,133,34,2,297.642,22.962,5.87,0.345,64.33,27.01,58.8,6012,1174,13,1,71.756,14.012,0.155,0.012,63.71,50.68,61.98,488,33,7,1,3.858,0.261,0.055,0.008,116.12,109.49,126.08,4204,573,179,43,245.348,33.441,10.447,2.51,43.76,19.1,38.98,2132,206,7,0,393.268,37.999,1.291,0,59.29,31.74,50.51,6971,894,60,4,805.466,103.297,6.933,0.462,48.87,24.29,43.81
18,5386,711,60,7,142.705,18.838,1.59,0.185,36.69,17.25,38.38,1877,153,41,7,324.056,26.415,7.078,1.209,66.46,27.21,63.98,7156,1144,13,0,85.41,13.654,0.155,0,59.52,46.15,57.99,514,26,9,2,4.064,0.206,0.071,0.016,117.83,111.98,132.61,4749,545,213,34,277.154,31.806,12.431,1.984,45.23,19.48,42.29,2371,239,8,1,437.354,44.086,1.476,0.184,57.57,30.74,49.21,8015,1044,66,6,926.095,120.629,7.626,0.693,50.18,24.12,45.97
19,6255,869,61,1,165.73,23.025,1.616,0.026,45.01,19.58,42.36,2046,169,52,11,353.233,29.177,8.978,1.899,62.57,28.69,64.24,8198,1042,13,0,97.847,12.437,0.155,0,54.87,39.17,51.98,568,54,12,3,4.491,0.427,0.095,0.024,115.47,110.47,130.25,5560,811,276,63,324.484,47.33,16.108,3.677,47.52,20.08,45.95,2566,195,10,2,473.323,35.97,1.845,0.369,59.26,30.96,52.63,8789,774,86,20,1015.527,89.432,9.937,2.311,50.97,24.08,45.61
20,7424,1169,89,28,196.703,30.973,2.358,0.742,47.15,20.05,47.84,2201,155,65,13,379.994,26.76,11.222,2.244,59.38,27.39,50.9,14138,5940,43,30,168.744,70.897,0.513,0.358,50.87,33.88,45.37,619,51,15,3,4.894,0.403,0.119,0.024,123.4,108.61,112.95,6412,852,356,80,374.208,49.723,20.776,4.669,48.49,20.37,46.73,2916,350,12,2,537.884,64.561,2.214,0.369,62.82,31.17,56.75,9714,925,103,17,1122.407,106.879,11.901,1.964,51.57,23.91,45.53
21,8536,1112,96,7,226.166,29.463,2.544,0.185,48.1,19.54,49,2395,194,72,7,413.487,33.493,12.431,1.209,64.61,27.76,54.27,18187,4049,45,2,217.07,48.327,0.537,0.024,37.9,29.1,36.4,675,56,19,4,5.337,0.443,0.15,0.032,133.14,113.41,124.7,7431,1019,434,78,433.677,59.469,25.328,4.552,52.28,20.62,53.62,3156,240,14,2,582.154,44.27,2.582,0.369,64.12,32.13,57.49,10714,1000,161,58,1237.952,115.545,18.603,6.702,55.34,24.44,53.59
22,9595,1059,109,13,254.225,28.059,2.888,0.344,47.17,18.77,47.09,2577,182,77,5,444.908,31.422,13.294,0.863,70.8,29.02,60.88,21463,3276,67,22,256.171,39.101,0.8,0.263,39.75,30.14,42.76,737,62,21,2,5.827,0.49,0.166,0.016,120.19,110.5,122.39,8603,1172,546,112,502.076,68.399,31.865,6.536,46.08,19.38,48.68,3581,425,16,2,660.55,78.395,2.951,0.369,61.53,31.12,60.4,12104,1390,197,36,1398.56,160.608,22.762,4.16,52.01,25.05,57.67
23,11268,1673,138,29,298.552,44.327,3.656,0.768,51.71,18.88,48.68,2860,283,90,13,493.767,48.859,15.538,2.244,69.53,28.55,54.62,24774,3311,94,27,295.689,39.518,1.122,0.322,45.1,31.37,42.11,780,43,22,1,6.167,0.34,0.174,0.008,119.97,112.5,129.51,9762,1159,639,93,569.715,67.64,37.292,5.428,39.1,17.62,33.84,3845,264,20,4,709.247,48.697,3.689,0.738,58.65,31.04,54.9,13152,1048,235,38,1519.651,121.091,27.153,4.391,42.65,22.39,33.78
24,12519,1251,187,49,331.698,33.146,4.955,1.298,44.5,17.33,48.35,3107,247,104,14,536.411,42.644,17.955,2.417,69.08,29.55,53.2,29212,4438,126,32,348.659,52.97,1.504,0.382,45.53,31,43.85,814,34,24,2,6.436,0.269,0.19,0.016,123.25,115.65,136.79,10866,1104,771,132,634.145,64.43,44.996,7.704,46.02,20.2,38.51,4102,257,22,2,756.653,47.406,4.058,0.369,67.54,33.88,59.73,14274,1122,257,22,1649.293,129.642,29.695,2.542,50.7,23.59,41.09
25,13882,1363,231,44,367.812,36.113,6.12,1.166,36.1,16.32,39.89,3386,279,123,19,584.579,48.168,21.235,3.28,72.34,28.34,58.8,31554,2342,149,23,376.612,27.953,1.778,0.275,46.48,31.36,43.83,824,10,28,4,6.515,0.079,0.221,0.032,127.56,118.04,138.72,11750,884,864,93,685.736,51.591,50.423,5.428,49.34,20.92,46.83,4226,124,26,4,779.526,22.873,4.796,0.738,69.14,34.08,60.81,15412,1138,295,38,1780.783,131.49,34.086,4.391,56.12,26.86,51.1
26,15496,1614,280,49,410.575,42.764,7.419,1.298,47.06,18.84,51.48,3757,371,139,16,648.631,64.052,23.998,2.762,67.84,31.71,64.62,36508,4954,198,49,435.74,59.128,2.363,0.585,48.12,31.4,45.78,829,5,28,0,6.555,0.04,0.221,0,152.83,127.64,142.88,12595,845,1039,175,735.051,49.315,60.637,10.213,50.44,20.01,47.29,4447,221,28,2,820.292,40.766,5.165,0.369,70.62,33.88,59.26,16108,696,373,78,1861.203,80.419,43.098,9.013,56.89,26.63,53.27
27,16653,1157,323,43,441.231,30.655,8.558,1.139,48.1,17.9,50.34,4077,320,161,22,703.877,55.247,27.796,3.798,75.49,33.54,72.24,42288,5780,253,55,504.727,68.987,3.02,0.656,49.58,31.8,52.26,873,44,29,1,6.902,0.348,0.229,0.008,161.59,131.95,149.4,13614,1019,1173,134,794.52,59.469,68.457,7.82,51.58,20.18,46.78,4665,218,32,4,860.504,40.212,5.903,0.738,71.62,31.43,56.5,17070,962,378,5,1972.357,111.155,43.676,0.578,58.03,26.33,54.62
28,17883,1230,380,57,473.82,32.59,10.068,1.51,50.81,18.1,53.06,4369,292,179,18,754.29,50.413,30.904,3.108,84.67,34.78,80.21,48582,6294,325,72,579.849,75.122,3.879,0.859,45.98,31.88,58.85,950,77,33,4,7.511,0.609,0.261,0.032,148.75,123.18,140.39,14697,1083,1339,166,857.724,63.204,78.145,9.688,53.67,20.15,51.5,4935,270,42,10,910.308,49.804,7.747,1.845,76.72,31.38,65.04,18194,1124,432,54,2102.23,129.873,49.916,6.239,59.52,27.05,60.12
29,19274,1391,435,55,510.676,36.855,11.526,1.457,56.31,17.74,52.77,4681,312,187,8,808.155,53.866,32.285,1.381,86.89,35.29,81.1,52547,3965,389,64,627.173,47.324,4.643,0.764,42.18,29.48,33.95,1007,57,35,2,7.962,0.451,0.277,0.016,127.72,116.13,133.79,15723,1026,1487,148,917.602,59.878,86.782,8.637,48.4,19.57,55.91,5208,273,44,2,960.665,50.357,8.116,0.369,64.39,32.64,62.01,19227,1033,484,52,2221.589,119.358,55.924,6.008,54.62,25.8,61.01
30,20748,1474,509,74,549.73,39.054,13.486,1.961,45.48,16.45,45.36,5071,390,203,16,875.487,67.332,35.047,2.762,89.81,35.24,80.84,57298,4751,455,66,683.878,56.705,5.431,0.788,50,32.39,42.5,1046,39,36,1,8.27,0.308,0.285,0.008,124.82,116.35,134.98,16627,904,1651,164,970.36,52.758,96.353,9.571,46.06,21.01,52.63,5510,302,50,6,1016.372,55.707,9.223,1.107,63.56,32.94,54.89,20201,974,540,56,2334.13,112.541,62.394,6.471,56.98,27.86,62.48
31,22133,1385,569,60,586.426,36.696,15.076,1.59,47.79,16.78,48.43,5402,331,218,15,932.633,57.146,37.637,2.59,74.33,33.76,72.01,61913,4615,583,128,738.96,55.082,6.958,1.528,52.68,35.14,47.88,1089,43,41,5,8.61,0.34,0.324,0.04,128.24,118.84,141.1,17851,1224,1766,115,1041.794,71.433,103.065,6.711,51.96,22.29,50.98,5640,130,58,8,1040.352,23.98,10.699,1.476,81.79,36.26,74.38,21022,821,559,19,2428.992,94.863,64.59,2.195,60.38,27.57,59.32
32,23301,1168,653,84,617.373,30.947,17.302,2.226,35.19,14.93,40.6,5635,233,237,19,972.86,40.226,40.917,3.28,74.66,34.54,73.72,67366,5453,732,149,804.044,65.084,8.737,1.778,53.29,33.52,50.5,1128,39,42,1,8.919,0.308,0.332,0.008,128.82,117.95,142,18803,952,1867,101,1097.353,55.559,108.959,5.894,54.64,22.87,56.45,5755,115,59,1,1061.565,21.213,10.883,0.184,82.87,35.07,74.17,21574,552,584,25,2492.773,63.781,67.478,2.889,64.19,28.91,63.28
33,24365,1064,717,64,645.565,28.191,18.997,1.696,44.73,18.09,41.76,5819,184,247,10,1004.626,31.767,42.644,1.726,71.32,32.59,65.98,73522,6156,872,140,877.519,73.475,10.408,1.671,53.15,33.82,50.82,1193,65,43,1,9.433,0.514,0.34,0.008,121.43,109.55,123.41,19580,777,2101,234,1142.699,45.346,122.615,13.656,58.08,22.99,61.26,5863,108,69,10,1081.486,19.922,12.728,1.845,79.99,36.43,64.54,22164,590,641,57,2560.945,68.172,74.065,6.586,66.9,30.46,67.22
34,25663,1298,780,63,679.956,34.391,20.667,1.669,52.28,18.73,50.75,5996,177,260,13,1035.185,30.558,44.888,2.244,71.54,34.4,69.45,79696,6174,1017,145,951.208,73.69,12.138,1.731,51.46,32.02,48.24,1268,75,45,2,10.026,0.593,0.356,0.016,122.59,102.47,105.55,20549,969,2248,147,1199.25,56.551,131.194,8.579,59.73,23.53,62.25,6010,147,80,11,1108.602,27.116,14.757,2.029,71.7,35.65,67.45,22710,546,705,64,2624.033,63.088,81.459,7.395,64.73,28.46,66.23
35,27046,1383,903,123,716.599,36.643,23.926,3.259,54.67,18.73,50.9,6174,178,273,13,1065.916,30.731,47.132,2.244,73.58,35.26,60.65,85778,6082,1158,141,1023.8,72.591,13.821,1.683,47.44,33.02,59.17,1364,96,46,1,10.785,0.759,0.364,0.008,111.03,91.71,84.38,21762,1213,2396,148,1270.042,70.791,139.832,8.637,61.7,23.4,68.38,6160,150,88,8,1136.271,27.669,16.232,1.476,68.83,36.35,67.97,23495,785,756,51,2714.736,90.703,87.352,5.893,58.77,29.91,68
36,28364,1318,1010,107,751.52,34.921,26.761,2.835,56.14,18.31,53.45,6318,144,285,12,1090.777,24.861,49.204,2.072,77.88,34.36,66.49,91714,5936,1342,184,1094.649,70.849,16.017,2.196,55.02,39.16,75.42,1499,135,49,3,11.852,1.067,0.387,0.024,111.53,99.29,105.3,23097,1335,2511,115,1347.953,77.911,146.543,6.711,52.61,21.61,63.14,6244,84,92,4,1151.766,15.495,16.97,0.738,57.14,31.09,44.77,24228,733,805,49,2799.43,84.695,93.014,5.662,59.63,29.12,68.16
37,30081,1717,1193,183,797.013,45.493,31.609,4.849,61.27,18.64,56.42,6511,193,299,14,1124.097,33.321,51.621,2.417,80.32,37.09,70.92,95391,3677,1434,92,1138.536,43.887,17.115,1.098,58.99,40.67,66.13,1693,194,52,3,13.386,1.534,0.411,0.024,105.3,95.23,105.72,24413,1316,2643,132,1424.755,76.802,154.247,7.704,38.99,19.9,46.45,6320,76,98,6,1165.785,14.019,18.077,1.107,65.55,37.23,56.79,24820,592,831,26,2867.833,68.403,96.018,3.004,51.83,28.31,60.67
38,31872,1791,1309,116,844.467,47.454,34.683,3.073,54.89,18.19,56.27,6681,170,309,10,1153.447,29.35,53.348,1.726,82.37,37.28,74.24,99225,3834,1607,173,1184.296,45.761,19.18,2.065,60.26,40.58,66.37,1866,173,54,2,14.754,1.368,0.427,0.016,97.79,93.59,94.47,25587,1174,2737,94,1493.27,68.515,159.733,5.486,47.64,22.26,42.18,6415,95,103,5,1183.308,17.524,18.999,0.922,76.24,41.67,55.46,25220,400,858,27,2914.051,46.218,99.138,3.12,62.12,31.32,64.43
39,33341,1469,1467,158,883.389,38.922,38.869,4.186,45.1,16.95,44.6,6879,198,321,12,1187.631,34.184,55.419,2.072,85.22,40.06,81.08,103228,4003,1861,254,1232.074,47.778,22.212,3.032,61.92,39.96,67.94,1953,87,56,2,15.442,0.688,0.443,0.016,98.41,92.36,98.5,26551,964,2823,86,1549.53,56.26,164.752,5.019,53.81,23.22,46.84,6488,73,114,11,1196.774,13.466,21.028,2.029,76.83,41.23,59.34,25499,279,858,0,2946.288,32.237,99.138,0,66.63,32.24,59.93
40,34777,1436,1580,113,921.436,38.048,41.863,2.994,58.27,20.48,58.6,7073,194,336,15,1221.124,33.493,58.009,2.59,80.85,38.39,82.95,108202,4974,2107,246,1291.441,59.367,25.148,2.936,58.89,38.54,65.26,1953,0,56,0,15.442,0,0.443,0,99.61,91.56,101.04,27419,868,2945,122,1600.187,50.657,171.872,7.12,58.3,24.5,57.84,6566,78,127,13,1211.162,14.388,23.426,2.398,80.47,45.35,72.18,25753,254,900,42,2975.637,29.348,103.991,4.853,70.18,34.04,67.13
41,36823,2046,1690,110,975.646,54.21,44.778,2.915,57.54,18.99,51.99,7242,169,346,10,1250.301,29.177,59.735,1.726,84.05,42.4,79.49,113525,5323,2373,266,1354.973,63.532,28.323,3.175,51.44,40.24,73.42,2178,225,57,1,17.221,1.779,0.451,0.008,107.26,91.22,100.06,28153,734,3134,189,1643.024,42.837,182.902,11.03,60.18,24.49,60.64,6677,111,130,3,1231.637,20.475,23.98,0.553,81.25,41.48,70.56,26336,583,973,73,3043,67.363,112.426,8.435,71.22,33.46,68.44
42,38413,1590,1834,144,1017.774,42.128,48.593,3.815,59.5,19.29,53.94,7384,142,355,9,1274.817,24.516,61.289,1.554,85.69,41.87,83.64,117658,4133,2544,171,1404.302,49.329,30.364,2.041,51.05,36.2,67.61,2617,439,63,6,20.692,3.471,0.498,0.047,97.79,81.07,82.85,29214,1061,3315,181,1704.944,61.921,193.465,10.563,61.96,23.6,62.05,6791,114,136,6,1252.665,21.028,25.087,1.107,87.04,43.72,76.11,26651,315,1016,43,3079.396,36.397,117.394,4.968,72.89,35.43,72.89
43,40179,1766,1974,140,1064.566,46.791,52.302,3.709,62.07,19.49,57.59,7515,131,364,9,1297.434,22.617,62.843,1.554,88.88,43.19,86.29,120479,2821,2673,129,1437.972,33.67,31.903,1.54,46.1,37.88,67.93,2935,318,69,6,23.206,2.514,0.546,0.047,91.93,82.91,88.32,30449,1235,3459,144,1777.019,72.075,201.869,8.404,54.33,21.68,56.28,6791,0,136,0,1252.665,0,25.087,0,84.42,42.25,79.97,26997,346,1058,42,3119.375,39.979,122.247,4.853,67.98,33.75,71.94
44,42099,1920,2146,172,1115.437,50.871,56.859,4.557,69.4,20.44,63.55,7695,180,370,6,1328.51,31.076,63.879,1.036,91.11,42.56,88.04,123016,2537,2799,126,1468.253,30.28,33.407,1.504,53.67,38.77,54.13,3271,336,70,1,25.863,2.657,0.553,0.008,87.35,78.3,84.77,31589,1140,3601,142,1843.55,66.531,210.156,8.287,53.46,23.8,58.16,6984,193,148,12,1288.266,35.601,27.3,2.214,86.32,46.41,80.64,27322,325,1110,52,3156.927,37.552,128.255,6.008,66.18,35.2,67.65
45,43877,1778,2302,156,1162.546,47.109,60.993,4.133,61.33,19.56,63.76,7912,217,384,14,1365.974,37.464,66.296,2.417,93.2,45.63,90.22,125098,2082,2969,170,1493.102,24.85,35.436,2.029,61.19,41.62,55.07,3654,383,73,3,28.891,3.028,0.577,0.024,83.74,73.88,79.34,32655,1066,3684,83,1905.763,62.212,215,4.844,58.88,25.58,55,7068,84,154,6,1303.76,15.495,28.407,1.107,90.86,47.91,83.64,27658,336,1134,24,3195.751,38.823,131.028,2.773,68.48,34.66,61.7
46,45341,1464,2465,163,1201.336,38.79,65.312,4.319,49.16,18.08,47.31,8073,161,394,10,1393.77,27.796,68.022,1.726,92.28,44.02,88.08,127584,2486,3254,285,1522.774,29.672,38.838,3.402,63.04,43.22,63.21,3817,163,80,7,30.18,1.289,0.633,0.055,81.2,70.69,75.52,33405,750,3751,67,1949.533,43.77,218.91,3.91,60.3,24.69,57.65,7113,45,154,0,1312.061,8.301,28.407,0,91.42,50.36,90.22,27826,168,1141,7,3215.162,19.412,131.837,0.809,70.2,34.56,63.66
47,46884,1543,2560,95,1242.218,40.883,67.829,2.517,62.59,21.78,61.18,8210,137,403,9,1417.423,23.652,69.576,1.554,85.8,43.87,87.26,130450,2866,3569,315,1556.981,34.207,42.598,3.76,65.48,44.83,69.23,3906,89,80,0,30.883,0.704,0.633,0,79.75,68.03,72.25,34134,729,3916,165,1992.078,42.545,228.54,9.629,64.27,26.53,64.8,7166,53,163,9,1321.837,9.776,30.067,1.66,92.76,51.16,86.79,27981,155,1186,45,3233.072,17.91,137.037,5.2,74.07,37.65,69.95
48,48489,1605,2707,147,1284.744,42.525,71.724,3.895,64.78,21.66,62.65,8445,235,418,15,1457.994,40.572,72.166,2.59,85.75,45.5,75.37,133830,3380,3868,299,1597.323,40.342,46.166,3.569,64.69,43.47,69.5,4257,351,81,1,33.658,2.775,0.64,0.008,85.41,69.34,75.47,34842,708,4054,138,2033.397,41.319,236.594,8.054,66.56,27.01,68.2,7250,84,169,6,1337.332,15.495,31.174,1.107,95,49.83,84.53,28186,205,1216,30,3256.758,23.687,140.503,3.466,75.19,36.13,70.87
49,50015,1526,2859,152,1325.176,40.432,75.751,4.027,66.72,21.3,63.49,8575,130,422,4,1480.438,22.444,72.857,0.691,86.22,42.76,75.19,137439,3609,4110,242,1640.398,43.075,49.055,2.888,57.58,42.91,69.57,4667,410,85,4,36.9,3.242,0.672,0.032,69.08,56.65,56.71,35729,887,4177,123,2085.163,51.766,243.772,7.178,67.43,25.83,70.59,7345,95,180,11,1354.856,17.524,33.203,2.029,95.99,47.37,74.38,28414,228,1267,51,3283.103,26.344,146.396,5.893,76.14,36.07,75.27
50,51587,1572,2996,137,1366.827,41.651,79.381,3.63,68.45,21.97,62.18,8698,123,427,5,1501.674,21.235,73.72,0.863,89.35,43.49,82.19,139897,2458,4294,184,1669.735,29.337,51.251,2.196,63.82,46.65,75.93,5347,680,88,3,42.277,5.376,0.696,0.024,67.85,57.7,46.81,36535,806,4289,112,2132.201,47.039,250.308,6.536,59.55,23.55,65.35,7408,63,191,11,1366.477,11.621,35.232,2.029,86.21,43.94,78.86,28595,181,1308,41,3304.016,20.914,151.133,4.737,69.71,34.43,72.22
51,53236,1649,3184,188,1410.518,43.691,84.362,4.981,78.5,23.68,74.84,8851,153,434,7,1528.089,26.415,74.928,1.209,88.06,41.71,69.03,141672,1775,4404,110,1690.921,21.185,52.564,1.313,66.95,47.02,66.52,6748,1401,98,10,53.354,11.077,0.775,0.079,74.14,61.63,63.73,37190,655,4409,120,2170.428,38.226,257.312,7.003,53,25.04,63.36,7467,59,193,2,1377.36,10.883,35.601,0.369,93.6,48.34,72.67,28811,216,1328,20,3328.974,24.958,153.444,2.311,69.02,37.92,65.37
52,55061,1825,3391,207,1458.873,48.354,89.846,5.485,68.25,22.42,69.67,9008,157,443,9,1555.194,27.105,76.482,1.554,90.64,44.71,68.65,143457,1785,4598,194,1712.225,21.305,54.879,2.315,68.02,44.89,66.47,7255,507,102,4,57.362,4.009,0.806,0.032,78.43,64.82,72.88,37845,655,4475,66,2208.654,38.226,261.163,3.852,56.93,25.21,61.03,7505,38,193,0,1384.369,7.009,35.601,0,89.08,47.27,64.22,28978,167,1336,8,3348.27,19.296,154.368,0.924,75.27,40.88,69.1
53,56714,1653,3566,175,1502.67,43.797,94.483,4.637,58.95,22.67,65.53,9158,150,452,9,1581.091,25.897,78.036,1.554,94.39,47.39,84.29,145694,2237,4879,281,1738.925,26.7,58.233,3.354,69.71,46.87,68.86,7645,390,109,7,60.446,3.084,0.862,0.055,77.49,63.57,70.81,38245,400,4518,43,2231.998,23.344,263.673,2.51,61.86,25.1,48.79,7533,28,193,0,1389.534,5.165,35.601,0,92.22,48.01,72.91,29081,103,1352,16,3360.171,11.901,156.217,1.849,73.68,38.42,58.86
54,59474,2760,3682,116,1575.798,73.128,97.557,3.073,69.42,25.08,65.69,9311,153,460,8,1607.506,26.415,79.417,1.381,87.7,44.9,80.43,148046,2352,5094,215,1766.997,28.072,60.799,2.566,70.28,47.32,72.15,8100,455,119,10,64.044,3.598,0.941,0.079,73.73,60.27,64.34,38416,171,4566,48,2241.978,9.98,266.474,2.801,65.49,26.87,58.45,7605,72,195,2,1402.815,13.281,35.97,0.369,97.11,52.31,81.09,29181,100,1379,27,3371.726,11.555,159.337,3.12,75.68,40.82,65.03
55,60772,1298,3854,172,1610.189,34.391,102.114,4.557,74.34,25.29,72.58,9407,96,475,15,1624.08,16.574,82.007,2.59,95.53,48.91,86.44,150383,2337,5321,227,1794.89,27.893,63.509,2.709,67.88,44.47,68.32,8582,482,136,17,67.855,3.811,1.075,0.134,67.08,53.55,47.9,38802,386,4711,145,2264.505,22.527,274.936,8.462,67.31,27.51,59.81,7667,62,202,7,1414.252,11.436,37.261,1.291,110.62,47.18,74.95,29324,143,1407,28,3388.249,16.523,162.572,3.235,73.85,38.82,59.72
56,62046,1274,4043,189,1643.944,33.755,107.122,5.008,76.92,25.24,75.32,9523,116,484,9,1644.107,20.027,83.561,1.554,94.7,49.22,87.77,152438,2055,5500,179,1819.418,24.527,65.645,2.136,62.8,44.16,72.98,9167,585,148,12,72.48,4.625,1.17,0.095,72.91,58.82,71.4,39316,514,4795,84,2294.502,29.997,279.839,4.902,69.38,27.21,61.28,7710,43,204,2,1422.183,7.932,37.63,0.369,91.74,47.27,72.16,29503,179,1422,15,3408.932,20.683,164.305,1.733,71.82,37.35,59.78
57,63496,1450,4232,189,1682.363,38.419,112.129,5.008,76.86,24.37,72.43,9670,147,493,9,1669.486,25.379,85.114,1.554,98.29,48.86,90.13,154175,1737,5640,140,1840.15,20.732,67.316,1.671,68.59,49.81,81.52,9795,628,154,6,77.445,4.965,1.218,0.047,67.95,55.07,52.6,39791,475,4893,98,2322.223,27.721,285.558,5.719,62.34,24.39,61.65,7759,49,204,0,1431.222,9.039,37.63,0,94.68,48.91,83.82,29622,119,1434,12,3422.681,13.75,165.692,1.387,66.34,35.63,55.61
58,64922,1426,4408,176,1720.145,37.783,116.792,4.663,84.86,25.12,75.74,9821,151,503,10,1695.555,26.07,86.841,1.726,100.29,48.86,91.81,155193,1018,5750,110,1852.3,12.15,68.629,1.313,70.08,48.72,70.04,10361,566,161,7,81.92,4.475,1.273,0.055,70.73,58.05,63.57,40236,445,4987,94,2348.194,25.97,291.044,5.486,60.4,26.69,64.81,7759,0,204,0,1431.222,0,37.63,0,105.28,52.53,78.55,29734,112,1466,32,3435.622,12.941,169.389,3.697,75.09,41.94,70.25
59,66434,1512,4569,161,1760.207,40.061,121.058,4.266,76.51,23.18,68.96,9983,162,506,3,1723.524,27.969,87.359,0.518,107.21,51.43,100.04,156337,1144,5913,163,1865.954,13.654,70.574,1.945,69.04,46.4,59.81,10751,390,171,10,85.004,3.084,1.352,0.079,70.45,57.19,62.52,40571,335,5056,69,2367.744,19.551,295.071,4.027,63.65,28.04,64.46,7809,50,208,4,1440.445,9.223,38.368,0.738,99.73,57.17,84.29,29822,88,1472,6,3445.79,10.168,170.083,0.693,79.94,46.51,74.23